[
  {
    "model": "post_office.emailtemplate",
    "pk": 1,
    "fields": {
      "name": "activation_email",
      "description": "Email sent to users when they sign up. It containts a link so they can activate their email.",
      "created": "2017-01-15T13:46:00.780Z",
      "last_updated": "2017-01-15T14:29:53.974Z",
      "subject": "Confirmation of email",
      "content": "Hi, {{ user.first_name }}!\r\n\r\nBefore you can start you use our pages, you will need to confirm your email address. Click the link below to confirm.\r\n\r\nConfirm email: http://{{ request.get_host }}/user/activate/{{ token.key }}/\r\n\r\nKind regards,\r\nThe team at DSSCDB",
      "html_content": "<h2>Hi, {{ user.first_name }}!</h2>\r\n\r\n<p>Before you can start you use our pages, you will need to confirm your email address. Click the link below to confirm.</p>\r\n\r\n<p>Confirm here: <a href=\"http://{{ request.get_host }}/user/activate/{{ token.key }}/\">http://{{ request.get_host }}/user/activate/{{ token.key }}/</a></p>\r\n\r\n<p>Kind regards,</p>\r\n<p>The team at DSSCDB</p>",
      "language": "",
      "default_template": null
    }
  },
  {
    "model": "post_office.emailtemplate",
    "pk": 2,
    "fields": {
      "name": "set_password_email",
      "description": "Email sent to users when they have forgot their password. Contains link to a page where they can set a new password.",
      "created": "2017-01-15T14:29:19.147Z",
      "last_updated": "2017-01-15T14:29:19.147Z",
      "subject": "Forgotten password",
      "content": "Here you have a link to reset your password:\r\n\r\nLink: http://{{ request.get_host }}/user/set-password/{{ token.key }}/\r\n\r\nKind regards,\r\nThe team at DSSCDB",
      "html_content": "<p>Here you have a link to reset your password:</p>\r\n\r\n<p>Link: <a href=\"http://{{ request.get_host }}/user/set-password/{{ token.key }}/\">http://{{ request.get_host }}/user/set-password/{{ token.key }}/</a></p>\r\n\r\n<p>Kind regards,</p>\r\n<p>The team at DSSCDB</p>",
      "language": "",
      "default_template": null
    }
  },
  {
    "model": "auth.user",
    "pk": 1,
    "fields": {
      "password": "pbkdf2_sha256$30000$v9f5EFnFOEOE$I642AW4OC5R2QqUrQxUoPpTa5nYARWLu0r9/AS8T5yA=",
      "last_login": "2017-03-04T21:17:38.900Z",
      "is_superuser": true,
      "username": "test",
      "first_name": "",
      "last_name": "",
      "email": "test@test.test",
      "is_staff": true,
      "is_active": true,
      "date_joined": "2017-02-23T14:21:12.371Z",
      "groups": [],
      "user_permissions": []
    }
  },
  {
    "model": "quiz.subject",
    "pk": 1,
    "fields": {
      "code": "TDT4140",
      "title": "Programvareutvikling",
      "syllabus": "<h3>How to set the tone for the course</h3>\r\n\r\n<blockquote>\r\n<ul>\r\n\t<li>Provide course information such as course number, location and time, prerequisites, and other requirements.</li>\r\n\t<li>Share your teaching philosophy.</li>\r\n\t<li>Announce office hours and location.</li>\r\n\t<li>Share some information about yourself, such as your educational and professional background.</li>\r\n\t<li>Describe how the course relates to the program, discipline, or field.</li>\r\n\t<li>Provide information about campus services that can aid students with their studies.</li>\r\n\t<li>Reflect on the overall tone of your writing: is it encouraging or punitive?</li>\r\n</ul>\r\n</blockquote>"
    }
  },
  {
    "model": "quiz.subject",
    "pk": 2,
    "fields": {
      "code": "TTK4130",
      "title": "Modellering og simulering",
      "syllabus": "<h3>Getting started</h3>\r\n\r\n<blockquote>\r\n<ul>\r\n\t<li><a href=\"https://www.cte.cornell.edu/teaching-ideas/designing-your-course/settting-learning-outcomes.html\">Establish course learning outcomes</a>. Consider what you would like students to know or be able to do as a result of taking your course.</li>\r\n\t<li>Design your course. This&nbsp;<a href=\"https://www.cte.cornell.edu/documents/Course%20Decisions%20Guide.pdf\">Course Decisions Guide</a>&nbsp;<img alt=\"\" src=\"https://www.cte.cornell.edu/images/icon_pdf.gif\" style=\"height:12px; width:12px\" />&nbsp;can guide you in the process.</li>\r\n\t<li>Consult our&nbsp;<a href=\"https://www.cte.cornell.edu/documents/Syllabus%20Template.doc\">Syllabus Template</a>&nbsp;<img alt=\"\" src=\"https://www.cte.cornell.edu/images/icon_word.gif\" style=\"height:12px; width:12px\" />&nbsp;to review some recommended best practices for syllabus construction. Type in your course material and information without having to format.</li>\r\n\t<li>Use this&nbsp;<a href=\"https://www.cte.cornell.edu/documents/Syllabus%20Rubric.pdf\">Syllabus Rubric</a>&nbsp;<img alt=\"\" src=\"https://www.cte.cornell.edu/images/icon_pdf.gif\" style=\"height:12px; width:12px\" />&nbsp;as a tool for reviewing your course syllabus.</li>\r\n\t<li>Review the course description established by your department or syllabi of the same course from previous instructors.</li>\r\n\t<li>Check online for sample syllabi of the same or similar courses from colleagues at other universities.</li>\r\n\t<li>Consider questions students may have about the course. (Davis, 2009)\r\n\t<ul>\r\n\t</ul>\r\n\t</li>\r\n</ul>\r\n</blockquote>"
    }
  },
  {
    "model": "quiz.subject",
    "pk": 3,
    "fields": {
      "code": "TDT4120",
      "title": "Algoritmer og Datastrukturer",
      "syllabus": "<p>Introduction to Algorithms -Thomas H. Cormen</p>"
    }
  },
  {
    "model": "quiz.quiz",
    "pk": 1,
    "fields": {
      "hash": "1b54373ade",
      "title": "Exercise 1 - Introduksjon",
      "description": "Bli kjent med Algdat!",
      "exercise_number": 1,
      "attempts": 3,
      "pass_percent": 40,
      "subject": 1
    }
  },
  {
    "model": "quiz.quiz",
    "pk": 2,
    "fields": {
      "hash": "fdf7fe2ff3",
      "title": "Exercise 2 - Problemer og algoritmer",
      "description": "Du skal lage et program for \u00e5 finne ord i en tekst. For \u00e5 gj\u00f8re dette, kan du lage en funksjon som bygger et tre og en funksjon som bruker treet til \u00e5 s\u00f8ke. F\u00f8rste linje av input til programmet er en streng som best\u00e5r av tegnene [a-z] og mellomrom. \r\n\r\nDette representerer dokumentet det skal s\u00f8kes i. De neste linjene i input er sp\u00f8rringer etter ord. Programmet skal s\u00f8ke etter disse ordene i teksten, og returnere hvilke posisjoner ordet finnes p\u00e5. Tegnet ? brukes til \u00e5 angi at her kan det st\u00e5 en hvilket som helst bokstav fra alfabetet [a-z].",
      "exercise_number": 1,
      "attempts": 3,
      "pass_percent": 40,
      "subject": 1
    }
  },
  {
    "model": "quiz.quiz",
    "pk": 3,
    "fields": {
      "hash": "6108a508de",
      "title": "Exercise 3 - Datastrukturer",
      "description": "I denne \u00f8vingen skal du flette sammen et sett med kortstokker. P\u00e5 hvert av disse kortene st\u00e5r det ett tall og en bokstav. Hver enkelt stokk er allerede sortert p\u00e5 tall. Oppgaven din er \u00e5 flette stokkene sammen slik at resultatet fremdeles er riktig sortert. Det er mange forskjellige m\u00e5ter \u00e5 l\u00f8se dette problemet p\u00e5, men det enkleste er nok \u00e5 flette sammen stokkene som du gj\u00f8r i merge-sort. Se Cormen side 32.",
      "exercise_number": 1,
      "attempts": 3,
      "pass_percent": 40,
      "subject": 1
    }
  },
  {
    "model": "quiz.quiz",
    "pk": 4,
    "fields": {
      "hash": "c84cd55e6a",
      "title": "Exercise 1 - Modeling, linearization",
      "description": "An iron ball of radius R and mass m is lifted by a magnet with a coil of N turns and a current i around\r\na core of length lc and cross section A = \u03c0R. The vertical position of the ball is z, which is positive\r\nin the downwards direction. The flux \u03c6 flows through the iron core, then over the airgap, through the\r\nball, and finally along the return path through the open air as shown in Figure 1.",
      "exercise_number": 1,
      "attempts": 3,
      "pass_percent": 40,
      "subject": 2
    }
  },
  {
    "model": "quiz.quiz",
    "pk": 5,
    "fields": {
      "hash": "a20fb38ea6",
      "title": "Exercise 2 - Modelica, Dymola, simple two-tank model)",
      "description": "In this problem, we will implement a model of a two-tank system coupled with a pipe with laminar\r\nflow.",
      "exercise_number": 1,
      "attempts": 3,
      "pass_percent": 40,
      "subject": 2
    }
  },
  {
    "model": "quiz.quiz",
    "pk": 6,
    "fields": {
      "hash": "879ab1188e",
      "title": "Introduksjon",
      "description": "Dette er f\u00f8rste \u00f8vingen i TDT4120 og ment som en introduksjon til faget.",
      "exercise_number": 1,
      "attempts": 3,
      "pass_percent": 40,
      "subject": 3
    }
  },
  {
    "model": "quiz.quiz",
    "pk": 7,
    "fields": {
      "hash": "8a5378b0dd",
      "title": "TDT-4120 - \u00d8ving 2 - Problemer og algoritmer",
      "description": "\u00d8ving 2 - Problemer og algoritmer",
      "exercise_number": 2,
      "attempts": 3,
      "pass_percent": 40,
      "subject": 3
    }
  },
  {
    "model": "quiz.quiz",
    "pk": 8,
    "fields": {
      "hash": "2a88af8695",
      "title": "TDT-4120 - \u00d8ving3 - Datastrukturer",
      "description": "Her ser vi n\u00e6rmere p\u00e5 datastrukturer",
      "exercise_number": 3,
      "attempts": 3,
      "pass_percent": 40,
      "subject": 3
    }
  },
  {
    "model": "quiz.quiz",
    "pk": 9,
    "fields": {
      "hash": "152f5ca96c",
      "title": "TDT-4120 - \u00d8ving 4 - Splitt og Hersk",
      "description": "Oppgaver tilknyttet splitt og hersk metoden for \u00e5 l\u00f8se problemer. \r\n1. Del opp problemer i trivielt enkle delproblemer\r\n2. L\u00f8s disse\r\n3. Sett sammen l\u00f8sningene fra subproblemene",
      "exercise_number": 4,
      "attempts": 3,
      "pass_percent": 40,
      "subject": 3
    }
  },
  {
    "model": "quiz.question",
    "pk": 1,
    "fields": {
      "title": "Sp\u00f8rsm\u00e5l 1 - Hva er PU?",
      "description": "<p><img alt=\"\" src=\"http://www.aristatechnologies.com/wp-content/uploads/2016/07/software-development-banner.png\" style=\"float:right; height:279px; width:300px\" /><strong>Kunnskap:&nbsp;</strong><br />\r\nStudentene vil f&aring; kunnskap om programvareutvikling-konsepter som prosessmodeller, metoder og teknikker for architecture design, testing, planlegging, konfigurasjonsstyring og kvalitetsstyring.&nbsp;<br />\r\n<br />\r\n<strong>Ferdigheter:&nbsp;</strong><br />\r\nPlanlegge og administrere sm&aring; programvareutviklings-prosjekter og delta som designer / programmerer / tester i st&oslash;rre programvareprosjekter.&nbsp;<br />\r\n<br />\r\n<strong>Generell kompetanse:&nbsp;</strong><br />\r\nStudentene skal kunne forst&aring; betydningen av programvareutvikling som et yrke. Studentene skal kunne forst&aring; og samtale om komplekse programvareutviklings-prosjekter og tilh&oslash;rende tekniske og organisatoriske problemstillinger.</p>",
      "type": "CHECKBOX",
      "order": 0,
      "attempts": 2,
      "quiz": 1
    }
  },
  {
    "model": "quiz.question",
    "pk": 2,
    "fields": {
      "title": "Sp\u00f8rsm\u00e5l 2 - Finn det st\u00f8rste tallet",
      "description": "",
      "type": "CODE",
      "order": 0,
      "attempts": 3,
      "quiz": 1
    }
  },
  {
    "model": "quiz.question",
    "pk": 3,
    "fields": {
      "title": "Sp\u00f8rsm\u00e5l 3 - Hva heter professoren?",
      "description": "",
      "type": "TEXT",
      "order": 0,
      "attempts": 3,
      "quiz": 1
    }
  },
  {
    "model": "quiz.question",
    "pk": 4,
    "fields": {
      "title": "Sp\u00f8rsm\u00e5l 4 - Hva er best?",
      "description": "",
      "type": "RADIOBOX",
      "order": 0,
      "attempts": 3,
      "quiz": 1
    }
  },
  {
    "model": "quiz.question",
    "pk": 5,
    "fields": {
      "title": "Sp\u00f8rsm\u00e5l 1 - Hvilken farge p\u00e5 boksen?",
      "description": "",
      "type": "RADIOBOX",
      "order": 0,
      "attempts": 3,
      "quiz": 4
    }
  },
  {
    "model": "quiz.question",
    "pk": 6,
    "fields": {
      "title": "Sp\u00f8rsm\u00e5l 2 - Hva er navnet p\u00e5 landet vi bor i?",
      "description": "",
      "type": "TEXT",
      "order": 0,
      "attempts": 3,
      "quiz": 4
    }
  },
  {
    "model": "quiz.question",
    "pk": 7,
    "fields": {
      "title": "Sp\u00f8rsm\u00e5l 1 - Hva heter skolen v\u00e5r?",
      "description": "",
      "type": "TEXT",
      "order": 0,
      "attempts": 2,
      "quiz": 2
    }
  },
  {
    "model": "quiz.question",
    "pk": 8,
    "fields": {
      "title": "TDT-4120 \u00d81 - Oppg1",
      "description": "<p>En instans av et problem er?&nbsp;</p>",
      "type": "CHECKBOX",
      "order": 0,
      "attempts": 3,
      "quiz": 6
    }
  },
  {
    "model": "quiz.question",
    "pk": 9,
    "fields": {
      "title": "TDT-4120 \u00d81 - Oppg2",
      "description": "<p>Hvilket alternativ beskriver best algoritmer og datastrukturer?</p>",
      "type": "CHECKBOX",
      "order": 0,
      "attempts": 3,
      "quiz": 6
    }
  },
  {
    "model": "quiz.question",
    "pk": 10,
    "fields": {
      "title": "TDT-4120 \u00d81 - Oppg3",
      "description": "<p>Hva er pseudokode?&nbsp;</p>",
      "type": "CHECKBOX",
      "order": 0,
      "attempts": 3,
      "quiz": 6
    }
  },
  {
    "model": "quiz.question",
    "pk": 11,
    "fields": {
      "title": "TDT-4120 \u00d81 - Oppg4",
      "description": "<p>I dette faget vil vi i hovedsak vurdere algoritmer ut i fra...</p>",
      "type": "CHECKBOX",
      "order": 0,
      "attempts": 3,
      "quiz": 6
    }
  },
  {
    "model": "quiz.question",
    "pk": 12,
    "fields": {
      "title": "TDT-4120 \u00d81 - Oppg5",
      "description": "<p>I denne oppgaven skal vi se p&aring; en variant av spillet Nim. Reglene er som f&oslash;lger: To spillere skal etter tur plukke vekk fyrstikker fra en haug p&aring; bordet. Den som plukker opp den siste fyrstikken har tapt. Hver spiller m&aring; plukke opp mins en fyrstikk i hver runde, og kan maksimal plukke opp seks fyrstikker.</p>\r\n\r\n<p>Hvis det er 5 fyrstikker igjen, hvor mange m&aring; du ta for &aring; vinne?&nbsp;</p>",
      "type": "CHECKBOX",
      "order": 0,
      "attempts": 3,
      "quiz": 6
    }
  },
  {
    "model": "quiz.question",
    "pk": 13,
    "fields": {
      "title": "TDT-4120 \u00d81 - Oppg6",
      "description": "<p>I denne oppgaven skal vi se p&aring; en variant av spillet Nim. Reglene er som f&oslash;lger: To spillere skal etter tur plukke vekk fyrstikker fra en haug p&aring; bordet. Den som plukker opp den siste fyrstikken har tapt. Hver spiller m&aring; plukke opp mins en fyrstikk i hver runde, og kan maksimal plukke opp seks fyrstikker.</p>\r\n\r\n<p>Hvis det er 10&nbsp;fyrstikker igjen, hvor mange m&aring; du ta for &aring; vinne?&nbsp;</p>",
      "type": "CHECKBOX",
      "order": 0,
      "attempts": 3,
      "quiz": 6
    }
  },
  {
    "model": "quiz.question",
    "pk": 14,
    "fields": {
      "title": "TDT-4120 \u00d81 - Oppg7",
      "description": "<p>I denne oppgaven skal vi se p&aring; en variant av spillet Nim. Reglene er som f&oslash;lger: To spillere skal etter tur plukke vekk fyrstikker fra en haug p&aring; bordet. Den som plukker opp den siste fyrstikken har tapt. Hver spiller m&aring; plukke opp mins en fyrstikk i hver runde, og kan maksimal plukke opp seks fyrstikker.</p>\r\n\r\n<p>Hvis det er 250 fyrstikker igjen, hvor mange m&aring; du ta for &aring; vinne?&nbsp;</p>",
      "type": "CHECKBOX",
      "order": 0,
      "attempts": 3,
      "quiz": 6
    }
  },
  {
    "model": "quiz.question",
    "pk": 15,
    "fields": {
      "title": "TDT-4120 \u00d81 - Oppg8",
      "description": "<p>I denne oppgaven skal vi se p&aring; en variant av spillet Nim. Reglene er som f&oslash;lger: To spillere skal etter tur plukke vekk fyrstikker fra en haug p&aring; bordet. Den som plukker opp den siste fyrstikken har tapt. Hver spiller m&aring; plukke opp mins en fyrstikk i hver runde, og kan maksimal plukke opp seks fyrstikker.</p>\r\n\r\n<p>Hvis det er 134&nbsp;fyrstikker igjen, hvor mange m&aring; du ta for &aring; vinne?&nbsp;</p>",
      "type": "CHECKBOX",
      "order": 0,
      "attempts": 3,
      "quiz": 6
    }
  },
  {
    "model": "quiz.question",
    "pk": 16,
    "fields": {
      "title": "TDT-4120 \u00d82 - Oppg1",
      "description": "<p>&nbsp;At en algoritme har kj&oslash;retid &Theta;(f(n)), betyr at kj&oslash;retiden har en ... begrensning.</p>",
      "type": "CHECKBOX",
      "order": 0,
      "attempts": 3,
      "quiz": 7
    }
  },
  {
    "model": "quiz.question",
    "pk": 17,
    "fields": {
      "title": "TDT-4120 \u00d82 - Oppg2",
      "description": "<p>Hvilke av egenskapene m&aring; ikke bevises for &aring; bevise en l&oslash;kkeinvariant?</p>",
      "type": "CHECKBOX",
      "order": 0,
      "attempts": 3,
      "quiz": 7
    }
  },
  {
    "model": "quiz.question",
    "pk": 18,
    "fields": {
      "title": "TDT-4120 \u00d82 - Oppg3",
      "description": "<p>Ved sterk induksjon antar vi at ...&nbsp;</p>",
      "type": "CHECKBOX",
      "order": 0,
      "attempts": 3,
      "quiz": 7
    }
  },
  {
    "model": "quiz.question",
    "pk": 19,
    "fields": {
      "title": "TDT-4120 \u00d82 - Oppg4",
      "description": "<p>Hilken av algoritmene under er en splitt-og-hersk-algoritme?</p>",
      "type": "RADIOBOX",
      "order": 0,
      "attempts": 3,
      "quiz": 7
    }
  },
  {
    "model": "quiz.question",
    "pk": 20,
    "fields": {
      "title": "TDT-4120 \u00d82 - Oppg5",
      "description": "<p>Hvor mange sammenligninger (comparisons) og bytter (swaps) trengs for &aring; sortere listen [5, 29, 32, 32, 65, 66] om du bruker insertion sort?</p>",
      "type": "RADIOBOX",
      "order": 0,
      "attempts": 3,
      "quiz": 7
    }
  },
  {
    "model": "quiz.question",
    "pk": 21,
    "fields": {
      "title": "TDT-4120 \u00d82 - Oppg6",
      "description": "<p>Hvor mange sammenligninger (comparisons) og bytter (swaps) trengs for &aring; sortere listen [5, 32, 66, 32, 65, 29] om du bruker insertion sort?</p>",
      "type": "RADIOBOX",
      "order": 0,
      "attempts": 3,
      "quiz": 7
    }
  },
  {
    "model": "quiz.question",
    "pk": 22,
    "fields": {
      "title": "TDT-4120 \u00d83 - Oppg1",
      "description": "<p>Anta du har en k&oslash;&nbsp;<code>Q = &lt;4,7,32,72,3&gt;</code>&nbsp;hvor det bakerste elementet representerer hodet til k&oslash;en.Hvordan vil k&oslash;en se ut etter &aring; ha kj&oslash;rt&nbsp;<code>ENQUEUE(Q,3)</code>?</p>",
      "type": "RADIOBOX",
      "order": 0,
      "attempts": 3,
      "quiz": 8
    }
  },
  {
    "model": "quiz.question",
    "pk": 23,
    "fields": {
      "title": "TDT-4120 \u00d83 - Oppg2",
      "description": "<p>Anta du har en k&oslash;&nbsp;<code>Q = &lt;4,7,32,72,3&gt;</code>&nbsp;hvor det bakerste elementet representerer hodet til k&oslash;en.&nbsp;Hvordan vil k&oslash;en se ut etter &aring; ha kj&oslash;rt&nbsp;<code>DEQUEUE(Q)</code>?</p>",
      "type": "RADIOBOX",
      "order": 0,
      "attempts": 3,
      "quiz": 8
    }
  },
  {
    "model": "quiz.question",
    "pk": 24,
    "fields": {
      "title": "TDT-4120 \u00d83 - Oppg3",
      "description": "<p>Anta du har en k&oslash;&nbsp;<code>Q = &lt;4,7,32,72,3&gt;</code>&nbsp;hvor det bakerste elementet representerer hodet til k&oslash;en.&nbsp;Hva er det minste antallet ENQUEUE/DEQUEUE-operasjoner du trenger for at k&oslash;en skal endres til&nbsp;<code>&lt;3,4,7,32,72,3&gt;</code>?</p>",
      "type": "RADIOBOX",
      "order": 0,
      "attempts": 3,
      "quiz": 8
    }
  },
  {
    "model": "quiz.question",
    "pk": 25,
    "fields": {
      "title": "TDT-4120 \u00d83 - Oppg4",
      "description": "<p>Anta du har en stakk&nbsp;<code>S = &lt;4,7,32,72,3&gt;</code>&nbsp;hvor det bakerste elementet representerer toppen av stakken.Hvordan vil stakken se ut etter &aring; ha kj&oslash;rt&nbsp;<code>PUSH(S,3)</code>?</p>",
      "type": "RADIOBOX",
      "order": 0,
      "attempts": 3,
      "quiz": 8
    }
  },
  {
    "model": "quiz.question",
    "pk": 26,
    "fields": {
      "title": "TDT-4120 \u00d83 - Oppg5",
      "description": "<p>Anta du har en stakk&nbsp;<code>S = &lt;4,7,32,72,3&gt;</code>&nbsp;hvor det bakerste elementet representerer toppen av stakken.&nbsp;&nbsp;Hvordan vil stakken se ut etter &aring; ha kj&oslash;rt&nbsp;<code>POP(S)</code>?</p>\r\n\r\n<p>&nbsp;</p>",
      "type": "RADIOBOX",
      "order": 0,
      "attempts": 3,
      "quiz": 8
    }
  },
  {
    "model": "quiz.question",
    "pk": 27,
    "fields": {
      "title": "TDT-4120 \u00d83 - Oppg6",
      "description": "<p>Anta du har en stakk&nbsp;<code>S = &lt;4,7,32,72,3&gt;</code>&nbsp;hvor det bakerste elementet representerer toppen av stakken.</p>\r\n\r\n<p>Hva er det minste antallet PUSH/POP-operasjoner du trenger for at stakken skal endres til&nbsp;<code>&lt;3,4,7,32,72,3&gt;</code>?</p>",
      "type": "RADIOBOX",
      "order": 0,
      "attempts": 3,
      "quiz": 8
    }
  },
  {
    "model": "quiz.question",
    "pk": 28,
    "fields": {
      "title": "TDT-4120 \u00d84 - Oppg1",
      "description": "<p>Vi har en usortert liste med&nbsp;nn&nbsp;elementer, og vi &oslash;nsker &aring; finne ut om alle elementene i listen er unike. Etter algoritmene vi har l&aelig;rt s&aring; langt, hva er raskeste kj&oslash;retiden vi kan f&aring; n&aring;r vi l&oslash;ser denne oppgaven?</p>",
      "type": "CHECKBOX",
      "order": 0,
      "attempts": 3,
      "quiz": 9
    }
  },
  {
    "model": "quiz.question",
    "pk": 29,
    "fields": {
      "title": "TDT-4120 \u00d84 - Oppg2",
      "description": "<p>Vi &oslash;nsker &aring; sortere en liste med lavest mulig minneforbruk. Hvilken algoritme er best?</p>",
      "type": "CHECKBOX",
      "order": 0,
      "attempts": 3,
      "quiz": 9
    }
  },
  {
    "model": "quiz.question",
    "pk": 30,
    "fields": {
      "title": "TDT-4120 \u00d84 - Oppg3",
      "description": "<p>Vi oppn&aring;r worst-case tid for quicksort hvis listen allerede er sortert?</p>",
      "type": "RADIOBOX",
      "order": 0,
      "attempts": 3,
      "quiz": 9
    }
  },
  {
    "model": "quiz.question",
    "pk": 31,
    "fields": {
      "title": "TDT-4120 \u00d84 - Oppg4",
      "description": "<p>Quicksort forbruker&nbsp;O(1)O(1)&nbsp;ekstra minne i tillegg til det minnet som trengs for &aring; lagre tallene som skal sorteres?</p>",
      "type": "CHECKBOX",
      "order": 0,
      "attempts": 3,
      "quiz": 9
    }
  },
  {
    "model": "quiz.question",
    "pk": 32,
    "fields": {
      "title": "TDT-4120 \u00d84 - Oppg5",
      "description": "<p>All input kan gi worst-case kj&oslash;retid for randomized-quicksort?</p>",
      "type": "CHECKBOX",
      "order": 0,
      "attempts": 3,
      "quiz": 9
    }
  },
  {
    "model": "quiz.resource",
    "pk": 1,
    "fields": {
      "title": "PU - Viktig info",
      "description": "",
      "url": "http://google.no",
      "question": 1
    }
  },
  {
    "model": "quiz.resource",
    "pk": 2,
    "fields": {
      "title": "VG er viktig!",
      "description": "",
      "url": "http://vg.no",
      "question": 2
    }
  },
  {
    "model": "quiz.resource",
    "pk": 3,
    "fields": {
      "title": "Informasjon om NTNU",
      "description": "",
      "url": "http://ntnu.no",
      "question": 7
    }
  },
  {
    "model": "quiz.select",
    "pk": 1,
    "fields": {
      "title": "En professor",
      "description": "",
      "correct": false,
      "question": 1
    }
  },
  {
    "model": "quiz.select",
    "pk": 2,
    "fields": {
      "title": "Et fag",
      "description": "",
      "correct": false,
      "question": 1
    }
  },
  {
    "model": "quiz.select",
    "pk": 3,
    "fields": {
      "title": "Bare tull",
      "description": "",
      "correct": true,
      "question": 1
    }
  },
  {
    "model": "quiz.select",
    "pk": 4,
    "fields": {
      "title": "Vann",
      "description": "",
      "correct": false,
      "question": 4
    }
  },
  {
    "model": "quiz.select",
    "pk": 5,
    "fields": {
      "title": "Melk",
      "description": "",
      "correct": false,
      "question": 4
    }
  },
  {
    "model": "quiz.select",
    "pk": 6,
    "fields": {
      "title": "\u00d8l",
      "description": "",
      "correct": true,
      "question": 4
    }
  },
  {
    "model": "quiz.select",
    "pk": 7,
    "fields": {
      "title": "Bl\u00e5",
      "description": "",
      "correct": false,
      "question": 5
    }
  },
  {
    "model": "quiz.select",
    "pk": 8,
    "fields": {
      "title": "R\u00f8d",
      "description": "",
      "correct": true,
      "question": 5
    }
  },
  {
    "model": "quiz.text",
    "pk": 1,
    "fields": {
      "answer": "Pekka",
      "question": 3
    }
  },
  {
    "model": "quiz.text",
    "pk": 2,
    "fields": {
      "answer": "Norge",
      "question": 6
    }
  },
  {
    "model": "quiz.text",
    "pk": 3,
    "fields": {
      "answer": "NTNU",
      "question": 7
    }
  },
  {
    "model": "quiz.code",
    "pk": 1,
    "fields": {
      "language": "PYTHON",
      "input_usable": "numbers = [0, 5, 10, 15, 9]",
      "input_shown": "numbers = [0, 5, ......, X]",
      "start_code": "biggest = 0\r\nfor x in numbers:\r\n    #Run your code here\r\n    #Woho\r\n        \r\nprint(\"%d\" % (biggest))",
      "solution": "biggest = 0\r\nfor x in numbers:\r\n    if biggest < x:\r\n        biggest = x\r\n        \r\nprint(\"%d\" % (biggest))",
      "answer": "15",
      "question": 2
    }
  }
]
